-- Adminer 4.6.2 MySQL dump

SET NAMES utf8;
SET time_zone = '+00:00';
SET foreign_key_checks = 0;
SET sql_mode = 'NO_AUTO_VALUE_ON_ZERO';

DROP DATABASE IF EXISTS `project-in`;
CREATE DATABASE `project-in` /*!40100 DEFAULT CHARACTER SET latin1 */;
USE `project-in`;

DROP TABLE IF EXISTS `candidates`;
CREATE TABLE `candidates` (
  `id` int(11) NOT NULL AUTO_INCREMENT,
  `id_project` int(11) NOT NULL,
  `id_user` int(11) NOT NULL,
  `status` varchar(128) NOT NULL,
  `created_at` timestamp NOT NULL DEFAULT CURRENT_TIMESTAMP ON UPDATE CURRENT_TIMESTAMP,
  `updated_at` timestamp NULL DEFAULT NULL,
  PRIMARY KEY (`id`),
  KEY `id_project` (`id_project`),
  KEY `id_user` (`id_user`),
  CONSTRAINT `candidates_ibfk_3` FOREIGN KEY (`id_project`) REFERENCES `projects` (`id`) ON UPDATE CASCADE,
  CONSTRAINT `candidates_ibfk_4` FOREIGN KEY (`id_user`) REFERENCES `users` (`id`) ON UPDATE CASCADE
) ENGINE=InnoDB DEFAULT CHARSET=latin1;

INSERT INTO `candidates` (`id`, `id_project`, `id_user`, `status`, `created_at`, `updated_at`) VALUES
(1,	1,	7,	'Rejected',	'2018-04-14 04:53:02',	NULL),
(2,	2,	10,	'Rejected',	'2018-04-14 04:53:02',	NULL),
(3,	3,	11,	'Applied',	'2018-04-14 04:53:02',	NULL),
(4,	4,	12,	'Accepted',	'2018-04-14 04:53:02',	NULL),
(5,	5,	13,	'Accepted',	'2018-04-14 04:53:02',	NULL),
(6,	6,	15,	'Accepted',	'2018-04-14 04:53:02',	NULL),
(7,	7,	18,	'Applied',	'2018-04-14 04:53:02',	NULL),
(8,	8,	19,	'Accepted',	'2018-04-14 04:53:02',	NULL),
(9,	9,	20,	'Rejected',	'2018-04-14 04:53:02',	NULL),
(10,	10,	22,	'Applied',	'2018-04-14 04:53:02',	NULL),
(11,	11,	23,	'Rejected',	'2018-04-14 04:53:02',	NULL),
(12,	12,	24,	'Accepted',	'2018-04-14 04:53:02',	NULL),
(13,	13,	27,	'Rejected',	'2018-04-14 04:53:02',	NULL),
(14,	14,	28,	'Rejected',	'2018-04-14 04:53:02',	NULL),
(15,	15,	33,	'Applied',	'2018-04-14 04:53:02',	NULL),
(16,	16,	34,	'Applied',	'2018-04-14 04:53:02',	NULL),
(17,	17,	36,	'Rejected',	'2018-04-14 04:53:02',	NULL),
(18,	18,	37,	'Rejected',	'2018-04-14 04:53:02',	NULL),
(19,	19,	40,	'Applied',	'2018-04-14 04:53:02',	NULL),
(20,	20,	41,	'Accepted',	'2018-04-14 04:53:02',	NULL),
(21,	21,	44,	'Accepted',	'2018-04-14 04:53:02',	NULL),
(22,	22,	45,	'Applied',	'2018-04-14 04:53:02',	NULL),
(23,	23,	49,	'Accepted',	'2018-04-14 04:53:02',	NULL),
(24,	24,	50,	'Applied',	'2018-04-14 04:53:02',	NULL),
(25,	25,	7,	'Accepted',	'2018-04-14 04:53:02',	NULL),
(26,	26,	10,	'Applied',	'2018-04-14 04:53:02',	NULL),
(27,	27,	11,	'Accepted',	'2018-04-14 04:53:02',	NULL),
(28,	28,	12,	'Rejected',	'2018-04-14 04:53:02',	NULL),
(29,	29,	13,	'Applied',	'2018-04-14 04:53:02',	NULL),
(30,	30,	15,	'Accepted',	'2018-04-14 04:53:02',	NULL),
(31,	31,	18,	'Rejected',	'2018-04-14 04:53:02',	NULL),
(32,	32,	19,	'Rejected',	'2018-04-14 04:53:02',	NULL),
(33,	33,	20,	'Accepted',	'2018-04-14 04:53:02',	NULL),
(34,	34,	22,	'Applied',	'2018-04-14 04:53:02',	NULL),
(35,	35,	23,	'Rejected',	'2018-04-14 04:53:02',	NULL),
(36,	36,	24,	'Applied',	'2018-04-14 04:53:02',	NULL),
(37,	37,	27,	'Rejected',	'2018-04-14 04:53:02',	NULL),
(38,	38,	28,	'Rejected',	'2018-04-14 04:53:02',	NULL),
(39,	39,	33,	'Applied',	'2018-04-14 04:53:02',	NULL),
(40,	40,	34,	'Applied',	'2018-04-14 04:53:02',	NULL),
(41,	41,	36,	'Accepted',	'2018-04-14 04:53:02',	NULL),
(42,	42,	37,	'Applied',	'2018-04-14 04:53:02',	NULL),
(43,	43,	40,	'Rejected',	'2018-04-14 04:53:02',	NULL),
(44,	44,	41,	'Applied',	'2018-04-14 04:53:02',	NULL),
(45,	45,	44,	'Rejected',	'2018-04-14 04:53:02',	NULL),
(46,	46,	45,	'Rejected',	'2018-04-14 04:53:02',	NULL),
(47,	47,	49,	'Applied',	'2018-04-14 04:53:02',	NULL),
(48,	48,	50,	'Applied',	'2018-04-14 04:53:02',	NULL),
(49,	49,	7,	'Rejected',	'2018-04-14 04:53:02',	NULL),
(50,	50,	10,	'Rejected',	'2018-04-14 04:53:02',	NULL),
(51,	51,	11,	'Applied',	'2018-04-14 04:53:02',	NULL),
(52,	52,	12,	'Rejected',	'2018-04-14 04:53:02',	NULL),
(53,	53,	13,	'Applied',	'2018-04-14 04:53:02',	NULL),
(54,	54,	15,	'Applied',	'2018-04-14 04:53:02',	NULL),
(55,	55,	18,	'Applied',	'2018-04-14 04:53:02',	NULL),
(56,	56,	19,	'Accepted',	'2018-04-14 04:53:02',	NULL),
(57,	57,	20,	'Accepted',	'2018-04-14 04:53:02',	NULL),
(58,	58,	22,	'Rejected',	'2018-04-14 04:53:02',	NULL),
(59,	59,	23,	'Rejected',	'2018-04-14 04:53:02',	NULL),
(60,	60,	24,	'Rejected',	'2018-04-14 04:53:02',	NULL),
(61,	61,	27,	'Accepted',	'2018-04-14 04:53:02',	NULL),
(62,	62,	28,	'Rejected',	'2018-04-14 04:53:02',	NULL),
(63,	63,	33,	'Rejected',	'2018-04-14 04:53:02',	NULL),
(64,	64,	34,	'Applied',	'2018-04-14 04:53:02',	NULL),
(65,	65,	36,	'Rejected',	'2018-04-14 04:53:02',	NULL),
(66,	66,	37,	'Accepted',	'2018-04-14 04:53:02',	NULL),
(67,	67,	40,	'Applied',	'2018-04-14 04:53:02',	NULL),
(68,	68,	41,	'Accepted',	'2018-04-14 04:53:02',	NULL),
(69,	69,	44,	'Rejected',	'2018-04-14 04:53:02',	NULL),
(70,	70,	45,	'Applied',	'2018-04-14 04:53:02',	NULL),
(71,	71,	49,	'Rejected',	'2018-04-14 04:53:02',	NULL),
(72,	72,	50,	'Accepted',	'2018-04-14 04:53:02',	NULL),
(73,	73,	7,	'Applied',	'2018-04-14 04:53:02',	NULL),
(74,	74,	10,	'Applied',	'2018-04-14 04:53:02',	NULL),
(75,	75,	11,	'Applied',	'2018-04-14 04:53:02',	NULL),
(76,	76,	12,	'Applied',	'2018-04-14 04:53:02',	NULL),
(77,	77,	13,	'Accepted',	'2018-04-14 04:53:02',	NULL),
(78,	78,	15,	'Rejected',	'2018-04-14 04:53:02',	NULL),
(79,	79,	18,	'Accepted',	'2018-04-14 04:53:02',	NULL),
(80,	80,	19,	'Rejected',	'2018-04-14 04:53:02',	NULL),
(81,	81,	20,	'Applied',	'2018-04-14 04:53:02',	NULL),
(82,	82,	22,	'Accepted',	'2018-04-14 04:53:02',	NULL),
(83,	83,	23,	'Applied',	'2018-04-14 04:53:02',	NULL),
(84,	84,	24,	'Rejected',	'2018-04-14 04:53:02',	NULL),
(85,	85,	27,	'Applied',	'2018-04-14 04:53:02',	NULL),
(86,	86,	28,	'Applied',	'2018-04-14 04:53:02',	NULL),
(87,	87,	33,	'Rejected',	'2018-04-14 04:53:02',	NULL),
(88,	88,	34,	'Rejected',	'2018-04-14 04:53:02',	NULL),
(89,	89,	36,	'Rejected',	'2018-04-14 04:53:02',	NULL),
(90,	90,	37,	'Applied',	'2018-04-14 04:53:02',	NULL),
(91,	91,	40,	'Accepted',	'2018-04-14 04:53:02',	NULL),
(92,	92,	41,	'Accepted',	'2018-04-14 04:53:02',	NULL),
(93,	93,	44,	'Rejected',	'2018-04-14 04:53:02',	NULL),
(94,	94,	45,	'Accepted',	'2018-04-14 04:53:02',	NULL),
(95,	95,	49,	'Accepted',	'2018-04-14 04:53:02',	NULL),
(96,	96,	50,	'Rejected',	'2018-04-14 04:53:02',	NULL),
(97,	97,	7,	'Rejected',	'2018-04-14 04:53:02',	NULL),
(98,	98,	10,	'Accepted',	'2018-04-14 04:53:02',	NULL),
(99,	99,	11,	'Applied',	'2018-04-14 04:53:02',	NULL),
(100,	100,	12,	'Rejected',	'2018-04-14 04:53:02',	NULL);

DROP TABLE IF EXISTS `list_fitur`;
CREATE TABLE `list_fitur` (
  `id` int(11) NOT NULL AUTO_INCREMENT,
  `id_project` int(11) NOT NULL,
  `nama_fitur` varchar(256) NOT NULL,
  `created_at` timestamp NOT NULL DEFAULT CURRENT_TIMESTAMP ON UPDATE CURRENT_TIMESTAMP,
  `updated_at` timestamp NULL DEFAULT NULL,
  PRIMARY KEY (`id`),
  UNIQUE KEY `id_project_nama_fitur` (`id_project`,`nama_fitur`),
  CONSTRAINT `list_fitur_ibfk_2` FOREIGN KEY (`id_project`) REFERENCES `projects` (`id`) ON UPDATE CASCADE
) ENGINE=InnoDB DEFAULT CHARSET=latin1;

INSERT INTO `list_fitur` (`id`, `id_project`, `nama_fitur`, `created_at`, `updated_at`) VALUES
(1,	1,	'Authentication',	'2018-04-14 05:08:11',	NULL),
(2,	2,	'Google Analytics Integration',	'2018-04-14 05:08:11',	NULL),
(3,	3,	'Navigation',	'2018-04-14 05:08:11',	NULL),
(4,	4,	'Security',	'2018-04-14 05:08:11',	NULL),
(5,	5,	'Social Media Integration',	'2018-04-14 05:08:11',	NULL),
(6,	6,	'Mobile-Ready Version',	'2018-04-14 05:08:11',	NULL),
(7,	7,	'Authentication',	'2018-04-14 05:08:11',	NULL),
(8,	8,	'Google Analytics Integration',	'2018-04-14 05:08:11',	NULL),
(9,	9,	'Navigation',	'2018-04-14 05:08:11',	NULL),
(10,	10,	'Security',	'2018-04-14 05:08:11',	NULL),
(11,	11,	'Social Media Integration',	'2018-04-14 05:08:11',	NULL),
(12,	12,	'Mobile-Ready Version',	'2018-04-14 05:08:11',	NULL),
(13,	13,	'Authentication',	'2018-04-14 05:08:11',	NULL),
(14,	14,	'Google Analytics Integration',	'2018-04-14 05:08:11',	NULL),
(15,	15,	'Navigation',	'2018-04-14 05:08:11',	NULL),
(16,	16,	'Security',	'2018-04-14 05:08:11',	NULL),
(17,	17,	'Social Media Integration',	'2018-04-14 05:08:11',	NULL),
(18,	18,	'Mobile-Ready Version',	'2018-04-14 05:08:11',	NULL),
(19,	19,	'Authentication',	'2018-04-14 05:08:11',	NULL),
(20,	20,	'Google Analytics Integration',	'2018-04-14 05:08:11',	NULL),
(21,	21,	'Navigation',	'2018-04-14 05:08:11',	NULL),
(22,	22,	'Security',	'2018-04-14 05:08:11',	NULL),
(23,	23,	'Social Media Integration',	'2018-04-14 05:08:11',	NULL),
(24,	24,	'Mobile-Ready Version',	'2018-04-14 05:08:11',	NULL),
(25,	25,	'Authentication',	'2018-04-14 05:08:11',	NULL),
(26,	26,	'Google Analytics Integration',	'2018-04-14 05:08:11',	NULL),
(27,	27,	'Navigation',	'2018-04-14 05:08:11',	NULL),
(28,	28,	'Security',	'2018-04-14 05:08:11',	NULL),
(29,	29,	'Social Media Integration',	'2018-04-14 05:08:11',	NULL),
(30,	30,	'Mobile-Ready Version',	'2018-04-14 05:08:11',	NULL),
(31,	31,	'Authentication',	'2018-04-14 05:08:11',	NULL),
(32,	32,	'Google Analytics Integration',	'2018-04-14 05:08:11',	NULL),
(33,	33,	'Navigation',	'2018-04-14 05:08:11',	NULL),
(34,	34,	'Security',	'2018-04-14 05:08:11',	NULL),
(35,	35,	'Social Media Integration',	'2018-04-14 05:08:11',	NULL),
(36,	36,	'Mobile-Ready Version',	'2018-04-14 05:08:11',	NULL),
(37,	37,	'Authentication',	'2018-04-14 05:08:11',	NULL),
(38,	38,	'Google Analytics Integration',	'2018-04-14 05:08:11',	NULL),
(39,	39,	'Navigation',	'2018-04-14 05:08:11',	NULL),
(40,	40,	'Security',	'2018-04-14 05:08:11',	NULL),
(41,	41,	'Social Media Integration',	'2018-04-14 05:08:11',	NULL),
(42,	42,	'Mobile-Ready Version',	'2018-04-14 05:08:11',	NULL),
(43,	43,	'Authentication',	'2018-04-14 05:08:11',	NULL),
(44,	44,	'Google Analytics Integration',	'2018-04-14 05:08:11',	NULL),
(45,	45,	'Navigation',	'2018-04-14 05:08:11',	NULL),
(46,	46,	'Security',	'2018-04-14 05:08:11',	NULL),
(47,	47,	'Social Media Integration',	'2018-04-14 05:08:11',	NULL),
(48,	48,	'Mobile-Ready Version',	'2018-04-14 05:08:11',	NULL),
(49,	49,	'Authentication',	'2018-04-14 05:08:11',	NULL),
(50,	50,	'Google Analytics Integration',	'2018-04-14 05:08:11',	NULL),
(51,	51,	'Navigation',	'2018-04-14 05:08:11',	NULL),
(52,	52,	'Security',	'2018-04-14 05:08:11',	NULL),
(53,	53,	'Social Media Integration',	'2018-04-14 05:08:11',	NULL),
(54,	54,	'Mobile-Ready Version',	'2018-04-14 05:08:11',	NULL),
(55,	55,	'Authentication',	'2018-04-14 05:08:11',	NULL),
(56,	56,	'Google Analytics Integration',	'2018-04-14 05:08:11',	NULL),
(57,	57,	'Navigation',	'2018-04-14 05:08:11',	NULL),
(58,	58,	'Security',	'2018-04-14 05:08:11',	NULL),
(59,	59,	'Social Media Integration',	'2018-04-14 05:08:11',	NULL),
(60,	60,	'Mobile-Ready Version',	'2018-04-14 05:08:11',	NULL),
(61,	61,	'Authentication',	'2018-04-14 05:08:11',	NULL),
(62,	62,	'Google Analytics Integration',	'2018-04-14 05:08:11',	NULL),
(63,	63,	'Navigation',	'2018-04-14 05:08:11',	NULL),
(64,	64,	'Security',	'2018-04-14 05:08:11',	NULL),
(65,	65,	'Social Media Integration',	'2018-04-14 05:08:11',	NULL),
(66,	66,	'Mobile-Ready Version',	'2018-04-14 05:08:11',	NULL),
(67,	67,	'Authentication',	'2018-04-14 05:08:11',	NULL),
(68,	68,	'Google Analytics Integration',	'2018-04-14 05:08:11',	NULL),
(69,	69,	'Navigation',	'2018-04-14 05:08:11',	NULL),
(70,	70,	'Security',	'2018-04-14 05:08:11',	NULL),
(71,	71,	'Social Media Integration',	'2018-04-14 05:08:11',	NULL),
(72,	72,	'Mobile-Ready Version',	'2018-04-14 05:08:11',	NULL),
(73,	73,	'Authentication',	'2018-04-14 05:08:11',	NULL),
(74,	74,	'Google Analytics Integration',	'2018-04-14 05:08:11',	NULL),
(75,	75,	'Navigation',	'2018-04-14 05:08:11',	NULL),
(76,	76,	'Security',	'2018-04-14 05:08:11',	NULL),
(77,	77,	'Social Media Integration',	'2018-04-14 05:08:11',	NULL),
(78,	78,	'Mobile-Ready Version',	'2018-04-14 05:08:11',	NULL),
(79,	79,	'Authentication',	'2018-04-14 05:08:11',	NULL),
(80,	80,	'Google Analytics Integration',	'2018-04-14 05:08:11',	NULL),
(81,	81,	'Navigation',	'2018-04-14 05:08:11',	NULL),
(82,	82,	'Security',	'2018-04-14 05:08:11',	NULL),
(83,	83,	'Social Media Integration',	'2018-04-14 05:08:11',	NULL),
(84,	84,	'Mobile-Ready Version',	'2018-04-14 05:08:11',	NULL),
(85,	85,	'Authentication',	'2018-04-14 05:08:11',	NULL),
(86,	86,	'Google Analytics Integration',	'2018-04-14 05:08:11',	NULL),
(87,	87,	'Navigation',	'2018-04-14 05:08:11',	NULL),
(88,	88,	'Security',	'2018-04-14 05:08:11',	NULL),
(89,	89,	'Social Media Integration',	'2018-04-14 05:08:11',	NULL),
(90,	90,	'Mobile-Ready Version',	'2018-04-14 05:08:11',	NULL),
(91,	91,	'Authentication',	'2018-04-14 05:08:11',	NULL),
(92,	92,	'Google Analytics Integration',	'2018-04-14 05:08:11',	NULL),
(93,	93,	'Navigation',	'2018-04-14 05:08:11',	NULL),
(94,	94,	'Security',	'2018-04-14 05:08:11',	NULL),
(95,	95,	'Social Media Integration',	'2018-04-14 05:08:11',	NULL),
(96,	96,	'Mobile-Ready Version',	'2018-04-14 05:08:11',	NULL),
(97,	97,	'Authentication',	'2018-04-14 05:08:11',	NULL),
(98,	98,	'Google Analytics Integration',	'2018-04-14 05:08:11',	NULL),
(99,	99,	'Navigation',	'2018-04-14 05:08:11',	NULL),
(100,	100,	'Security',	'2018-04-14 05:08:11',	NULL),
(101,	1,	'Social Media Integration',	'2018-04-14 05:08:11',	NULL),
(102,	2,	'Mobile-Ready Version',	'2018-04-14 05:08:11',	NULL),
(103,	3,	'Authentication',	'2018-04-14 05:08:11',	NULL),
(104,	4,	'Google Analytics Integration',	'2018-04-14 05:08:11',	NULL),
(105,	5,	'Navigation',	'2018-04-14 05:08:11',	NULL),
(106,	6,	'Security',	'2018-04-14 05:08:11',	NULL),
(107,	7,	'Social Media Integration',	'2018-04-14 05:08:11',	NULL),
(108,	8,	'Mobile-Ready Version',	'2018-04-14 05:08:11',	NULL),
(109,	9,	'Authentication',	'2018-04-14 05:08:11',	NULL),
(110,	10,	'Google Analytics Integration',	'2018-04-14 05:08:11',	NULL),
(111,	11,	'Navigation',	'2018-04-14 05:08:11',	NULL),
(112,	12,	'Security',	'2018-04-14 05:08:11',	NULL),
(113,	13,	'Social Media Integration',	'2018-04-14 05:08:11',	NULL),
(114,	14,	'Mobile-Ready Version',	'2018-04-14 05:08:11',	NULL),
(115,	15,	'Authentication',	'2018-04-14 05:08:11',	NULL),
(116,	16,	'Google Analytics Integration',	'2018-04-14 05:08:11',	NULL),
(117,	17,	'Navigation',	'2018-04-14 05:08:11',	NULL),
(118,	18,	'Security',	'2018-04-14 05:08:11',	NULL),
(119,	19,	'Social Media Integration',	'2018-04-14 05:08:11',	NULL),
(120,	20,	'Mobile-Ready Version',	'2018-04-14 05:08:11',	NULL),
(121,	21,	'Authentication',	'2018-04-14 05:08:11',	NULL),
(122,	22,	'Google Analytics Integration',	'2018-04-14 05:08:11',	NULL),
(123,	23,	'Navigation',	'2018-04-14 05:08:11',	NULL),
(124,	24,	'Security',	'2018-04-14 05:08:11',	NULL),
(125,	25,	'Social Media Integration',	'2018-04-14 05:08:11',	NULL),
(126,	26,	'Mobile-Ready Version',	'2018-04-14 05:08:11',	NULL),
(127,	27,	'Authentication',	'2018-04-14 05:08:11',	NULL),
(128,	28,	'Google Analytics Integration',	'2018-04-14 05:08:11',	NULL),
(129,	29,	'Navigation',	'2018-04-14 05:08:11',	NULL),
(130,	30,	'Security',	'2018-04-14 05:08:11',	NULL),
(131,	31,	'Social Media Integration',	'2018-04-14 05:08:11',	NULL),
(132,	32,	'Mobile-Ready Version',	'2018-04-14 05:08:11',	NULL),
(133,	33,	'Authentication',	'2018-04-14 05:08:11',	NULL),
(134,	34,	'Google Analytics Integration',	'2018-04-14 05:08:11',	NULL),
(135,	35,	'Navigation',	'2018-04-14 05:08:11',	NULL),
(136,	36,	'Security',	'2018-04-14 05:08:11',	NULL),
(137,	37,	'Social Media Integration',	'2018-04-14 05:08:11',	NULL),
(138,	38,	'Mobile-Ready Version',	'2018-04-14 05:08:11',	NULL),
(139,	39,	'Authentication',	'2018-04-14 05:08:11',	NULL),
(140,	40,	'Google Analytics Integration',	'2018-04-14 05:08:11',	NULL),
(141,	41,	'Navigation',	'2018-04-14 05:08:11',	NULL),
(142,	42,	'Security',	'2018-04-14 05:08:11',	NULL),
(143,	43,	'Social Media Integration',	'2018-04-14 05:08:11',	NULL),
(144,	44,	'Mobile-Ready Version',	'2018-04-14 05:08:11',	NULL),
(145,	45,	'Authentication',	'2018-04-14 05:08:11',	NULL),
(146,	46,	'Google Analytics Integration',	'2018-04-14 05:08:11',	NULL),
(147,	47,	'Navigation',	'2018-04-14 05:08:11',	NULL),
(148,	48,	'Security',	'2018-04-14 05:08:11',	NULL),
(149,	49,	'Social Media Integration',	'2018-04-14 05:08:11',	NULL),
(150,	50,	'Mobile-Ready Version',	'2018-04-14 05:08:11',	NULL),
(151,	51,	'Authentication',	'2018-04-14 05:08:11',	NULL),
(152,	52,	'Google Analytics Integration',	'2018-04-14 05:08:11',	NULL),
(153,	53,	'Navigation',	'2018-04-14 05:08:11',	NULL),
(154,	54,	'Security',	'2018-04-14 05:08:11',	NULL),
(155,	55,	'Social Media Integration',	'2018-04-14 05:08:11',	NULL),
(156,	56,	'Mobile-Ready Version',	'2018-04-14 05:08:11',	NULL),
(157,	57,	'Authentication',	'2018-04-14 05:08:11',	NULL),
(158,	58,	'Google Analytics Integration',	'2018-04-14 05:08:11',	NULL),
(159,	59,	'Navigation',	'2018-04-14 05:08:11',	NULL),
(160,	60,	'Security',	'2018-04-14 05:08:11',	NULL),
(161,	61,	'Social Media Integration',	'2018-04-14 05:08:11',	NULL),
(162,	62,	'Mobile-Ready Version',	'2018-04-14 05:08:11',	NULL),
(163,	63,	'Authentication',	'2018-04-14 05:08:11',	NULL),
(164,	64,	'Google Analytics Integration',	'2018-04-14 05:08:11',	NULL),
(165,	65,	'Navigation',	'2018-04-14 05:08:11',	NULL),
(166,	66,	'Security',	'2018-04-14 05:08:11',	NULL),
(167,	67,	'Social Media Integration',	'2018-04-14 05:08:11',	NULL),
(168,	68,	'Mobile-Ready Version',	'2018-04-14 05:08:11',	NULL),
(169,	69,	'Authentication',	'2018-04-14 05:08:11',	NULL),
(170,	70,	'Google Analytics Integration',	'2018-04-14 05:08:11',	NULL),
(171,	71,	'Navigation',	'2018-04-14 05:08:11',	NULL),
(172,	72,	'Security',	'2018-04-14 05:08:11',	NULL),
(173,	73,	'Social Media Integration',	'2018-04-14 05:08:11',	NULL),
(174,	74,	'Mobile-Ready Version',	'2018-04-14 05:08:11',	NULL),
(175,	75,	'Authentication',	'2018-04-14 05:08:11',	NULL),
(176,	76,	'Google Analytics Integration',	'2018-04-14 05:08:11',	NULL),
(177,	77,	'Navigation',	'2018-04-14 05:08:11',	NULL),
(178,	78,	'Security',	'2018-04-14 05:08:11',	NULL),
(179,	79,	'Social Media Integration',	'2018-04-14 05:08:11',	NULL),
(180,	80,	'Mobile-Ready Version',	'2018-04-14 05:08:11',	NULL),
(181,	81,	'Authentication',	'2018-04-14 05:08:11',	NULL),
(182,	82,	'Google Analytics Integration',	'2018-04-14 05:08:11',	NULL),
(183,	83,	'Navigation',	'2018-04-14 05:08:11',	NULL),
(184,	84,	'Security',	'2018-04-14 05:08:11',	NULL),
(185,	85,	'Social Media Integration',	'2018-04-14 05:08:11',	NULL),
(186,	86,	'Mobile-Ready Version',	'2018-04-14 05:08:11',	NULL),
(187,	87,	'Authentication',	'2018-04-14 05:08:11',	NULL),
(188,	88,	'Google Analytics Integration',	'2018-04-14 05:08:11',	NULL),
(189,	89,	'Navigation',	'2018-04-14 05:08:11',	NULL),
(190,	90,	'Security',	'2018-04-14 05:08:11',	NULL),
(191,	91,	'Social Media Integration',	'2018-04-14 05:08:11',	NULL),
(192,	92,	'Mobile-Ready Version',	'2018-04-14 05:08:11',	NULL),
(193,	93,	'Authentication',	'2018-04-14 05:08:11',	NULL),
(194,	94,	'Google Analytics Integration',	'2018-04-14 05:08:11',	NULL),
(195,	95,	'Navigation',	'2018-04-14 05:08:11',	NULL),
(196,	96,	'Security',	'2018-04-14 05:08:11',	NULL),
(197,	97,	'Social Media Integration',	'2018-04-14 05:08:11',	NULL),
(198,	98,	'Mobile-Ready Version',	'2018-04-14 05:08:11',	NULL),
(199,	99,	'Authentication',	'2018-04-14 05:08:11',	NULL),
(200,	100,	'Google Analytics Integration',	'2018-04-14 05:08:11',	NULL),
(201,	1,	'Navigation',	'2018-04-14 05:08:11',	NULL),
(202,	2,	'Security',	'2018-04-14 05:08:12',	NULL),
(203,	3,	'Social Media Integration',	'2018-04-14 05:08:12',	NULL),
(204,	4,	'Mobile-Ready Version',	'2018-04-14 05:08:12',	NULL),
(205,	5,	'Authentication',	'2018-04-14 05:08:12',	NULL),
(206,	6,	'Google Analytics Integration',	'2018-04-14 05:08:12',	NULL),
(207,	7,	'Navigation',	'2018-04-14 05:08:12',	NULL),
(208,	8,	'Security',	'2018-04-14 05:08:12',	NULL),
(209,	9,	'Social Media Integration',	'2018-04-14 05:08:12',	NULL),
(210,	10,	'Mobile-Ready Version',	'2018-04-14 05:08:12',	NULL),
(211,	11,	'Authentication',	'2018-04-14 05:08:12',	NULL),
(212,	12,	'Google Analytics Integration',	'2018-04-14 05:08:12',	NULL),
(213,	13,	'Navigation',	'2018-04-14 05:08:12',	NULL),
(214,	14,	'Security',	'2018-04-14 05:08:12',	NULL),
(215,	15,	'Social Media Integration',	'2018-04-14 05:08:12',	NULL),
(216,	16,	'Mobile-Ready Version',	'2018-04-14 05:08:12',	NULL),
(217,	17,	'Authentication',	'2018-04-14 05:08:12',	NULL),
(218,	18,	'Google Analytics Integration',	'2018-04-14 05:08:12',	NULL),
(219,	19,	'Navigation',	'2018-04-14 05:08:12',	NULL),
(220,	20,	'Security',	'2018-04-14 05:08:12',	NULL),
(221,	21,	'Social Media Integration',	'2018-04-14 05:08:12',	NULL),
(222,	22,	'Mobile-Ready Version',	'2018-04-14 05:08:12',	NULL),
(223,	23,	'Authentication',	'2018-04-14 05:08:12',	NULL),
(224,	24,	'Google Analytics Integration',	'2018-04-14 05:08:12',	NULL),
(225,	25,	'Navigation',	'2018-04-14 05:08:12',	NULL),
(226,	26,	'Security',	'2018-04-14 05:08:12',	NULL),
(227,	27,	'Social Media Integration',	'2018-04-14 05:08:12',	NULL),
(228,	28,	'Mobile-Ready Version',	'2018-04-14 05:08:12',	NULL),
(229,	29,	'Authentication',	'2018-04-14 05:08:12',	NULL),
(230,	30,	'Google Analytics Integration',	'2018-04-14 05:08:12',	NULL),
(231,	31,	'Navigation',	'2018-04-14 05:08:12',	NULL),
(232,	32,	'Security',	'2018-04-14 05:08:12',	NULL),
(233,	33,	'Social Media Integration',	'2018-04-14 05:08:12',	NULL),
(234,	34,	'Mobile-Ready Version',	'2018-04-14 05:08:12',	NULL),
(235,	35,	'Authentication',	'2018-04-14 05:08:12',	NULL),
(236,	36,	'Google Analytics Integration',	'2018-04-14 05:08:12',	NULL),
(237,	37,	'Navigation',	'2018-04-14 05:08:12',	NULL),
(238,	38,	'Security',	'2018-04-14 05:08:12',	NULL),
(239,	39,	'Social Media Integration',	'2018-04-14 05:08:12',	NULL),
(240,	40,	'Mobile-Ready Version',	'2018-04-14 05:08:12',	NULL),
(241,	41,	'Authentication',	'2018-04-14 05:08:12',	NULL),
(242,	42,	'Google Analytics Integration',	'2018-04-14 05:08:12',	NULL),
(243,	43,	'Navigation',	'2018-04-14 05:08:12',	NULL),
(244,	44,	'Security',	'2018-04-14 05:08:12',	NULL),
(245,	45,	'Social Media Integration',	'2018-04-14 05:08:12',	NULL),
(246,	46,	'Mobile-Ready Version',	'2018-04-14 05:08:12',	NULL),
(247,	47,	'Authentication',	'2018-04-14 05:08:12',	NULL),
(248,	48,	'Google Analytics Integration',	'2018-04-14 05:08:12',	NULL),
(249,	49,	'Navigation',	'2018-04-14 05:08:12',	NULL),
(250,	50,	'Security',	'2018-04-14 05:08:12',	NULL);

DROP TABLE IF EXISTS `projects`;
CREATE TABLE `projects` (
  `id` int(11) NOT NULL AUTO_INCREMENT,
  `id_po` int(11) NOT NULL,
  `nama` varchar(256) NOT NULL,
  `min_harga` double NOT NULL,
  `max_harga` double NOT NULL,
  `duration` int(11) NOT NULL,
  `desain` tinyint(1) NOT NULL,
  `deskripsi` text NOT NULL,
  `created_at` timestamp NOT NULL DEFAULT CURRENT_TIMESTAMP ON UPDATE CURRENT_TIMESTAMP,
  `updated_at` timestamp NULL DEFAULT NULL,
  PRIMARY KEY (`id`),
  KEY `id_po` (`id_po`),
  CONSTRAINT `projects_ibfk_2` FOREIGN KEY (`id_po`) REFERENCES `users` (`id`) ON UPDATE CASCADE
) ENGINE=InnoDB DEFAULT CHARSET=latin1;

INSERT INTO `projects` (`id`, `id_po`, `nama`, `min_harga`, `max_harga`, `duration`, `desain`, `deskripsi`, `created_at`, `updated_at`) VALUES
(1,	35,	'Numquam provident minima perferendis.',	6000000,	7000000,	4,	0,	'Sunt culpa expedita officiis maxime. Ut aliquam cupiditate sit voluptatem. Ab quibusdam esse in voluptatem quod aliquid. Magnam sint iste laboriosam vel corrupti animi fugiat.',	'2018-04-14 04:41:26',	NULL),
(2,	9,	'Et quam non.',	6000000,	8000000,	3,	0,	'Hic omnis itaque voluptatem perferendis et illum. Qui minus sed quod et. Dolore architecto quidem similique et. Accusamus aut quia nam quos.',	'2018-04-14 04:41:26',	NULL),
(3,	5,	'Voluptates sequi cum nihil.',	6000000,	7000000,	7,	0,	'Sit sint nihil aliquam harum eos dolor rerum rerum. Quo provident odit nihil velit. Facilis et doloribus accusantium molestiae iste eos. Accusamus velit sint facere sint.',	'2018-04-14 04:41:26',	NULL),
(4,	2,	'Sequi excepturi labore.',	6000000,	7000000,	6,	0,	'Ipsa aut consequatur illum quidem deserunt architecto consectetur. Magni deleniti sit et est illum. Architecto odit voluptatem et et quia perferendis voluptatem.',	'2018-04-14 04:41:26',	NULL),
(5,	3,	'Error cupiditate.',	6000000,	9000000,	6,	1,	'Non nihil ut voluptatum aut. Modi qui ea voluptate cupiditate dolor. Non consequuntur hic aut natus accusantium eligendi est. Ea ipsa harum atque est accusantium sit. Sunt sit velit velit similique qui placeat.',	'2018-04-14 04:41:26',	NULL),
(6,	2,	'Et natus odio explicabo.',	6000000,	8000000,	4,	0,	'Ullam eveniet fuga eligendi consectetur sed facere. Nobis excepturi illum quia expedita odit aliquam eligendi. Molestias adipisci quidem aut. Quisquam doloribus ipsa facilis qui. Dolorem nihil quia quidem praesentium. Facilis recusandae tempora illo non veritatis cum dolores.',	'2018-04-14 04:41:26',	NULL),
(7,	26,	'Deleniti dolores sunt perspiciatis.',	6000000,	9000000,	7,	1,	'Consequatur sit mollitia adipisci consequatur. Qui quos veritatis nihil ut. Cumque perferendis eum delectus aut magnam distinctio.',	'2018-04-14 04:41:26',	NULL),
(8,	32,	'Repellat atque consequatur est.',	6000000,	8000000,	5,	1,	'Provident et ex quo necessitatibus. Totam quos enim natus. Non aperiam et quidem. Doloribus qui ea nesciunt.',	'2018-04-14 04:41:26',	NULL),
(9,	48,	'Nam repudiandae voluptatem ipsa animi.',	6000000,	8000000,	7,	1,	'Porro nesciunt et quam et est. Possimus nulla quibusdam similique quaerat et. Dolorum quibusdam consectetur in sit. Molestiae quis et qui. Dolorem repellendus voluptatem magni corporis reiciendis sint veniam.',	'2018-04-14 04:41:26',	NULL),
(10,	47,	'Iusto sit quos rerum.',	6000000,	7000000,	5,	1,	'Ea voluptas rem et dolores modi vel mollitia. Est sint sit voluptatibus repellat voluptas. Amet ea deserunt dolor hic dignissimos nobis ullam minus. Dolorem sed quod illum ut.',	'2018-04-14 04:41:26',	NULL),
(11,	48,	'Quia saepe qui.',	6000000,	9000000,	7,	1,	'Aspernatur possimus voluptas quia culpa. Quo vero quibusdam aliquid quis ut fuga qui. Aut ut pariatur molestiae similique corporis praesentium. Omnis ea dolor eaque ipsum. Voluptate enim repellat libero porro.',	'2018-04-14 04:41:26',	NULL),
(12,	1,	'Accusantium autem quasi.',	6000000,	7000000,	7,	1,	'Blanditiis ut soluta cupiditate quo itaque in ut dolorem. Rem iste dignissimos perspiciatis quas et. Omnis dolorem fugit dolores at. Voluptatem molestiae voluptatem facilis fugiat explicabo molestiae. Nostrum non temporibus placeat sed quo iure vel quia.',	'2018-04-14 04:41:26',	NULL),
(13,	5,	'Quod beatae dolorem.',	6000000,	9000000,	7,	1,	'Et veritatis pariatur enim culpa. Illo est numquam a iure tempora earum eaque. Asperiores qui unde eos in. Voluptas ratione illum delectus est asperiores et officia qui. Et et incidunt officia est molestiae reprehenderit.',	'2018-04-14 04:41:26',	NULL),
(14,	25,	'Autem quia recusandae qui.',	6000000,	8000000,	7,	1,	'Officiis alias consequatur commodi expedita unde sed. Iure deleniti molestiae nemo officia et minima numquam enim. Dolorem voluptatem et voluptas.',	'2018-04-14 04:41:26',	NULL),
(15,	14,	'Soluta aut laudantium.',	6000000,	7000000,	7,	1,	'Dicta repudiandae dolorem autem dolorem. Velit molestias eius non delectus ea sed incidunt. Repellat tempore dolor at vitae qui iusto voluptatem debitis. Nulla id rerum ut cumque.',	'2018-04-14 04:41:26',	NULL),
(16,	42,	'Blanditiis minima quis.',	6000000,	8000000,	5,	0,	'Odit aut consequatur qui. Possimus deserunt provident facere animi placeat numquam. Veniam rerum sit blanditiis quos quis.',	'2018-04-14 04:41:26',	NULL),
(17,	17,	'Occaecati consequatur dolor.',	6000000,	7000000,	7,	1,	'Aut quia minima ullam doloribus quas. Perferendis maxime facilis velit voluptas aut voluptates aut. Quis incidunt sed sapiente possimus. Nulla voluptas vel omnis accusantium.',	'2018-04-14 04:41:26',	NULL),
(18,	5,	'Sed eum eos dolor.',	6000000,	7000000,	7,	0,	'Modi consequatur hic et vitae molestiae. Sunt deserunt illo eligendi dolorem quasi. Similique est quo adipisci animi pariatur in error ut. Qui voluptatem libero alias.',	'2018-04-14 04:41:26',	NULL),
(19,	30,	'Explicabo molestias.',	6000000,	8000000,	6,	0,	'Possimus consequuntur ad molestiae alias ipsa est. Accusantium culpa ut et facilis. Et ut nulla nisi natus.',	'2018-04-14 04:41:26',	NULL),
(20,	14,	'Nihil voluptatibus omnis autem.',	6000000,	9000000,	5,	1,	'Inventore aut voluptas aut. Perspiciatis et laboriosam sint aut hic id. Laboriosam repudiandae eligendi labore. Nostrum commodi ut cumque et non dolore.',	'2018-04-14 04:41:26',	NULL),
(21,	39,	'Culpa dolor et.',	6000000,	9000000,	5,	1,	'Omnis consequatur recusandae qui velit. Voluptas aperiam dignissimos enim sed voluptatem. Itaque mollitia quas temporibus quos corporis nihil laborum doloremque. Est porro velit ducimus aut sed nemo consequatur. Itaque qui aut unde enim ipsa quidem est optio.',	'2018-04-14 04:41:26',	NULL),
(22,	4,	'Velit totam eos ipsam.',	6000000,	8000000,	7,	1,	'Sint debitis sed vitae quasi ullam sunt. Amet consectetur architecto exercitationem animi nisi debitis ipsam rerum. Numquam dolor voluptates veritatis cum ducimus eum veritatis. Libero voluptas occaecati excepturi laboriosam. Exercitationem quia quae aliquid aut id labore voluptatibus. Consequatur quo dolore ea sed.',	'2018-04-14 04:41:26',	NULL),
(23,	6,	'Eum expedita sequi.',	6000000,	7000000,	3,	0,	'Et ex dolorem odit quo est iusto et nostrum. Magnam rerum aut id labore et. A doloremque nihil velit velit saepe sapiente.',	'2018-04-14 04:41:26',	NULL),
(24,	43,	'Nobis deserunt sunt.',	6000000,	7000000,	5,	0,	'Laborum et est dignissimos et aliquid. Labore voluptas qui laudantium ea odio. Aperiam et voluptatem nulla esse nesciunt. Pariatur natus qui quibusdam dolorum qui ea.',	'2018-04-14 04:41:26',	NULL),
(25,	8,	'Nam repudiandae et.',	6000000,	7000000,	6,	0,	'Odit et doloribus aliquid. Sit odit facere molestiae quia iusto delectus ut. Aut asperiores ipsum voluptatem voluptas occaecati neque adipisci. Ab atque cumque labore et cumque. Ut quae minus voluptatum ipsa.',	'2018-04-14 04:41:26',	NULL),
(26,	43,	'Similique voluptas eligendi vitae.',	6000000,	7000000,	6,	1,	'Nesciunt hic earum qui aut qui officia. Id voluptatem harum ea porro. Non doloribus velit et est.',	'2018-04-14 04:41:26',	NULL),
(27,	32,	'Aspernatur sit repellat non.',	6000000,	8000000,	4,	1,	'Sint aliquid ut veniam iste sed fugiat. Quibusdam natus ut placeat inventore quod repellat. Quasi et explicabo saepe maiores. Libero necessitatibus quia ut eligendi eos. In qui maxime fugit atque eos quibusdam. Ut nihil animi est officia rerum ut enim.',	'2018-04-14 04:41:26',	NULL),
(28,	3,	'Animi at ut.',	6000000,	8000000,	7,	1,	'Beatae qui dolor quae quibusdam quasi. Laboriosam non quis quia. Dolor neque eius nobis magni nesciunt laborum. Sed hic tempora illo. Corrupti amet placeat commodi quod modi voluptatem.',	'2018-04-14 04:41:26',	NULL),
(29,	39,	'Et eum vel.',	6000000,	9000000,	6,	0,	'Fugit qui culpa iste autem iure. Eum soluta molestiae qui tempore autem asperiores. Repellendus placeat doloremque nemo repellendus. Quam quos fuga aspernatur illum harum sapiente.',	'2018-04-14 04:41:26',	NULL),
(30,	9,	'Expedita molestias sapiente accusantium.',	6000000,	8000000,	4,	0,	'Est ad ea quia facilis. Perspiciatis eum quia omnis enim. Eum soluta molestias delectus facilis. Ea laudantium et quaerat soluta sit explicabo amet. Perspiciatis consectetur in facere in sit accusamus.',	'2018-04-14 04:41:26',	NULL),
(31,	46,	'Maxime occaecati qui rem.',	6000000,	8000000,	7,	0,	'Quasi eveniet est aut soluta voluptas enim porro. Nostrum aut quas dignissimos sit corrupti iure. Quia dignissimos neque voluptatem expedita atque quia. Qui aperiam et odit deleniti et.',	'2018-04-14 04:41:26',	NULL),
(32,	46,	'Voluptatem exercitationem aliquid qui.',	6000000,	9000000,	6,	0,	'In pariatur quasi eveniet cupiditate tenetur. A pariatur dolorem qui quibusdam ipsa eius. Eos vel ab autem rerum. Ducimus molestiae eos id necessitatibus earum. Et delectus voluptatibus laborum. Autem delectus est ut esse ut.',	'2018-04-14 04:41:26',	NULL),
(33,	14,	'Ea voluptatem non.',	6000000,	7000000,	7,	0,	'Quia cum est voluptas expedita nobis voluptatem quam qui. Incidunt minima sint consequuntur eum nihil qui. Culpa tempora consequatur corporis. Voluptatem facere consequuntur odit sunt non at.',	'2018-04-14 04:41:26',	NULL),
(34,	25,	'Recusandae eum.',	6000000,	8000000,	5,	0,	'Incidunt libero ut quidem at qui quod vitae. Quaerat enim quaerat veniam ut eveniet qui omnis ut. Ut dolore aut voluptatem impedit excepturi in inventore reprehenderit. Quasi maxime quia nam soluta facilis quod. Vel error voluptatibus doloremque eum consequuntur culpa. Sit sint corporis quos autem vel.',	'2018-04-14 04:41:26',	NULL),
(35,	16,	'Eaque quas perspiciatis dignissimos.',	6000000,	8000000,	5,	0,	'Ut similique repellat explicabo est aliquam rerum. Doloremque reiciendis incidunt libero qui magni eos deleniti. Ipsam quasi velit adipisci enim maiores. Quaerat ut praesentium hic corrupti mollitia a excepturi. In possimus nostrum et quod consectetur. Nisi cumque eius at beatae nemo sed.',	'2018-04-14 04:41:26',	NULL),
(36,	2,	'Enim provident at.',	6000000,	7000000,	5,	1,	'Occaecati deleniti aut ut omnis dolore eum. Magni tempora laborum recusandae unde tempore et hic tenetur. Culpa est earum et repellendus omnis aperiam. Ullam libero enim repellat nihil consequatur. Dolores quo rerum accusantium omnis qui.',	'2018-04-14 04:41:26',	NULL),
(37,	39,	'Enim dolor est quia.',	6000000,	9000000,	3,	0,	'Facere qui ab voluptatum pariatur maiores assumenda. Maxime aut culpa sed ad ducimus aspernatur blanditiis. Impedit cumque adipisci quia iste. Et recusandae nemo cum. Expedita et autem tempora atque quos ducimus et.',	'2018-04-14 04:41:26',	NULL),
(38,	3,	'Rerum et assumenda.',	6000000,	9000000,	7,	0,	'Temporibus ut facere quidem deserunt. Eos commodi minima corrupti sit consequuntur aut voluptates. Reprehenderit excepturi omnis ipsum et tempore assumenda nobis. Ipsa ipsum autem praesentium autem. Quaerat eius ex blanditiis.',	'2018-04-14 04:41:26',	NULL),
(39,	5,	'Minima vel qui odit.',	6000000,	7000000,	5,	0,	'Dolores exercitationem odit eveniet voluptatem pariatur soluta dignissimos distinctio. Sunt eveniet amet vel sint fugiat aut. Facere error voluptas impedit optio velit. Itaque et cum voluptas voluptatem qui nemo tempora.',	'2018-04-14 04:41:26',	NULL),
(40,	1,	'Doloremque et culpa qui.',	6000000,	8000000,	4,	0,	'Deleniti animi et molestiae sit est vitae magnam. Consequatur suscipit numquam suscipit sed repellendus impedit. Saepe exercitationem at qui cupiditate in aut.',	'2018-04-14 04:41:26',	NULL),
(41,	1,	'Perferendis ullam debitis est.',	6000000,	7000000,	5,	1,	'Voluptatem enim reprehenderit unde delectus. Consequatur consequatur quae iusto aut. Dicta minus quis numquam. Officiis dolorem optio fuga saepe nihil tenetur.',	'2018-04-14 04:41:26',	NULL),
(42,	29,	'Commodi praesentium dolores.',	6000000,	9000000,	3,	1,	'Possimus dolorem sint voluptas et quod et. Sed eligendi omnis qui incidunt. Aut quisquam pariatur nemo quam beatae temporibus. Atque sit numquam alias modi. Esse laboriosam rerum ut ut quis laborum dicta.',	'2018-04-14 04:41:26',	NULL),
(43,	26,	'Aliquid voluptas.',	6000000,	8000000,	4,	0,	'Dolores qui qui exercitationem vel. Eum vero laudantium pariatur veritatis. Quam distinctio molestiae doloribus. Delectus vitae rerum ea minus. Dolor ut ipsa ut ut temporibus aperiam et.',	'2018-04-14 04:41:26',	NULL),
(44,	43,	'Laborum nobis aliquid ea.',	6000000,	7000000,	3,	0,	'Autem doloremque incidunt dolorem aut. Quod dignissimos cum inventore consequatur qui laborum cum. Pariatur aperiam est tempora asperiores ut voluptatem.',	'2018-04-14 04:41:26',	NULL),
(45,	38,	'Esse quis eveniet quo.',	6000000,	9000000,	3,	0,	'Eos quia veritatis eum. Enim rerum maiores ut rem accusantium. Praesentium ducimus temporibus architecto tempore inventore omnis. Nobis veritatis laborum architecto iure consequatur aliquam. Nam illo impedit quibusdam dolore.',	'2018-04-14 04:41:26',	NULL),
(46,	29,	'Error fugiat dolorem.',	6000000,	7000000,	5,	0,	'Aliquam delectus mollitia recusandae. Voluptate occaecati qui quidem dolores voluptates consequuntur. Et nemo est quis. Et et ducimus molestias voluptas repellendus officiis.',	'2018-04-14 04:41:26',	NULL),
(47,	26,	'Minus officia est commodi.',	6000000,	9000000,	6,	1,	'Quis ex et a recusandae. Harum voluptatem fuga quos et qui doloremque adipisci quas. Ab nulla est cumque velit quibusdam vel. Odit aperiam excepturi nemo sed et.',	'2018-04-14 04:41:26',	NULL),
(48,	8,	'Quia atque ipsum rem laboriosam.',	6000000,	7000000,	6,	0,	'Architecto veritatis veniam odio. Optio officiis non quos illo blanditiis odit quia. Veniam pariatur dolorem nobis ut omnis quod. Sed magnam ut facilis et.',	'2018-04-14 04:41:26',	NULL),
(49,	42,	'Rerum enim.',	6000000,	8000000,	7,	1,	'Sapiente minima maiores quia velit. Odio amet perferendis odio qui. Accusantium dolores beatae minus. Dolorem quas nemo itaque exercitationem consequatur.',	'2018-04-14 04:41:26',	NULL),
(50,	47,	'Porro vel commodi.',	6000000,	8000000,	6,	1,	'Voluptas ea corrupti consectetur voluptatem labore earum. Qui aperiam qui eaque. Natus perspiciatis in quis tenetur et. Est temporibus enim sed id quaerat eligendi. Quis odit aut repudiandae laborum eum.',	'2018-04-14 04:41:26',	NULL),
(51,	17,	'Quo incidunt labore voluptatum.',	6000000,	7000000,	7,	1,	'Omnis iure est aut praesentium perferendis. Soluta magni voluptatibus architecto doloremque excepturi. Qui error aspernatur quo et molestiae. Aut vel est ad perferendis unde aut.',	'2018-04-14 04:41:26',	NULL),
(52,	39,	'Delectus at ad voluptas.',	6000000,	7000000,	7,	0,	'Eos corporis eum et vel ut. Laboriosam aspernatur incidunt quae recusandae porro odit. Soluta quasi ullam consequatur dolor repellendus. Id recusandae maxime vel qui deserunt sint qui.',	'2018-04-14 04:41:26',	NULL),
(53,	29,	'Eos laborum ratione iure.',	6000000,	9000000,	4,	0,	'Eius veritatis repudiandae ad quis aut. Aspernatur voluptas reiciendis veritatis est enim qui aut reprehenderit. Ullam assumenda aliquam non ea adipisci eum. Dolor labore suscipit minima molestias. Et aut officiis expedita optio autem ex est velit.',	'2018-04-14 04:41:26',	NULL),
(54,	43,	'Eius necessitatibus voluptatem non.',	6000000,	8000000,	7,	1,	'Neque voluptatem quod porro dolores ea ut. Nulla voluptatem sit ipsa assumenda. Qui autem laudantium quo in quo voluptates. Tempora doloremque quo ducimus temporibus impedit aliquam ipsam. Neque illo nulla et illum et.',	'2018-04-14 04:41:26',	NULL),
(55,	29,	'Quidem laudantium et ut quidem.',	6000000,	7000000,	7,	1,	'Qui rem necessitatibus inventore natus odit. Quia voluptatem reprehenderit voluptatem mollitia ratione qui velit. Officia est ullam eum aut minima libero.',	'2018-04-14 04:41:26',	NULL),
(56,	8,	'Mollitia perferendis rerum ex.',	6000000,	9000000,	5,	0,	'Ullam deleniti aliquam ut vel nam veniam placeat. Eligendi aut quo aspernatur adipisci. Aut odit eos iure voluptatem numquam at.',	'2018-04-14 04:41:26',	NULL),
(57,	47,	'Omnis delectus eaque.',	6000000,	9000000,	3,	0,	'Amet tempora debitis quia nulla. Dolor ad recusandae praesentium et laudantium qui dolores. Aperiam quas sequi omnis culpa cum. Aliquid minima rerum adipisci eum omnis quis. Quia corporis ducimus odit excepturi impedit saepe.',	'2018-04-14 04:41:26',	NULL),
(58,	17,	'Quae quasi iusto libero.',	6000000,	7000000,	6,	0,	'Nostrum et eveniet aliquam quaerat laudantium et blanditiis. Adipisci praesentium vero eum natus sint. Qui laudantium alias animi maiores id quia. Sequi officiis quod adipisci nisi cumque voluptatum necessitatibus dolorum.',	'2018-04-14 04:41:26',	NULL),
(59,	31,	'Eveniet soluta consequuntur minima.',	6000000,	8000000,	6,	1,	'Ut nisi enim iure nemo a. Nesciunt quaerat atque qui nisi qui. Rerum qui consectetur aperiam eos tempore.',	'2018-04-14 04:41:26',	NULL),
(60,	4,	'Natus aut at.',	6000000,	7000000,	4,	0,	'Autem sit tempore voluptatem rerum voluptates dolor. Enim natus distinctio fuga commodi porro harum praesentium. Quas quae sequi fuga illum ex ad sunt. Iure sit provident in ducimus aut architecto voluptas. Facere tempore illo illum quis animi assumenda. Voluptatem incidunt tempore qui minima laudantium sit dolores.',	'2018-04-14 04:41:26',	NULL),
(61,	3,	'Dignissimos dolores corrupti.',	6000000,	9000000,	6,	1,	'Unde eaque nemo alias consequatur omnis asperiores iusto. Rem officiis enim quam tenetur sit id. Est voluptatem aperiam omnis eaque qui suscipit. Deleniti dolor corrupti iste sit veniam. Sed qui voluptas sed. Optio impedit dolorem sunt aut aut.',	'2018-04-14 04:41:26',	NULL),
(62,	25,	'Ex illum.',	6000000,	9000000,	7,	1,	'Debitis aperiam ab vitae placeat at quas. Vitae ab eos ut corrupti doloribus exercitationem. Consequatur magni sit esse aperiam. Voluptas enim in est illo blanditiis ut.',	'2018-04-14 04:41:26',	NULL),
(63,	32,	'Est eos dolores molestiae.',	6000000,	8000000,	7,	0,	'Ad et accusantium quasi id libero. Aliquam doloribus sint corrupti sed eaque voluptas. Sit autem sit distinctio quia veritatis. Aperiam occaecati ut deleniti illo provident aspernatur reiciendis. Distinctio odit sit eaque est nihil voluptas.',	'2018-04-14 04:41:26',	NULL),
(64,	9,	'Et provident dicta at.',	6000000,	8000000,	5,	0,	'Sed est iure dolorem cum inventore. Quod eligendi molestiae nemo exercitationem esse officia. Pariatur sit sunt qui aut. Praesentium inventore autem magni sunt nulla.',	'2018-04-14 04:41:26',	NULL),
(65,	35,	'Molestiae libero in.',	6000000,	7000000,	7,	0,	'Et expedita similique tempora delectus et. Fugit excepturi molestiae quia cum. Autem non est tempore sit doloribus. Esse dignissimos animi blanditiis natus sit recusandae autem.',	'2018-04-14 04:41:26',	NULL),
(66,	30,	'Dicta eos accusamus a consequuntur.',	6000000,	9000000,	7,	1,	'Natus at eos temporibus veritatis impedit cum magnam. Sed nesciunt delectus debitis eligendi a. Quasi et accusamus expedita autem ullam. Asperiores ut sequi corrupti quia ut reiciendis consequatur. Eaque quidem explicabo quaerat cumque laborum culpa. Reprehenderit asperiores omnis quia quia.',	'2018-04-14 04:41:26',	NULL),
(67,	3,	'Non reprehenderit voluptas.',	6000000,	7000000,	6,	1,	'Velit saepe fugiat excepturi ab totam. Officiis et et animi natus repudiandae ut architecto voluptas. Eum beatae laborum ipsam dolor non. Corporis molestiae harum numquam. Perferendis debitis omnis magni pariatur.',	'2018-04-14 04:41:26',	NULL),
(68,	29,	'Neque consequatur iure.',	6000000,	9000000,	7,	0,	'Voluptatibus at nihil eveniet quam. Nostrum consequatur vero libero accusantium ut ea. Et quis placeat itaque autem inventore. Labore ullam in enim tempora error molestiae. Dolores qui impedit reiciendis et. Et tenetur quo ex rerum et.',	'2018-04-14 04:41:26',	NULL),
(69,	48,	'Sed nemo fugiat.',	6000000,	9000000,	6,	1,	'Reprehenderit sequi reiciendis esse quisquam. Est sit distinctio velit accusamus inventore. Cupiditate tempora natus magnam. Vero non pariatur est sed.',	'2018-04-14 04:41:26',	NULL),
(70,	4,	'Provident laborum nostrum qui.',	6000000,	9000000,	3,	0,	'Error natus iste enim libero placeat molestiae esse. Quas est vero provident et. Sint accusantium nulla dicta harum quam. Et rerum occaecati molestiae est doloremque facere commodi.',	'2018-04-14 04:41:26',	NULL),
(71,	3,	'Consequatur laborum architecto non.',	6000000,	7000000,	6,	1,	'Cumque ipsa quia aperiam. Non harum quia voluptate sint aut inventore fugit. Eum blanditiis unde doloremque quia asperiores.',	'2018-04-14 04:41:26',	NULL),
(72,	39,	'Sed quisquam facilis voluptas quam.',	6000000,	9000000,	4,	1,	'Quisquam harum iure quo magnam nesciunt et. Eaque quod at cupiditate ut quia quod quo. Veritatis illum iusto aut repudiandae voluptates laboriosam deserunt.',	'2018-04-14 04:41:26',	NULL),
(73,	2,	'Voluptatem quisquam quis.',	6000000,	8000000,	7,	1,	'Est et temporibus ut quis. Officia delectus incidunt nesciunt fugit velit et. Assumenda ut dolorum qui eveniet. Quidem suscipit corrupti et pariatur natus aut voluptates. Ratione quae iste qui repellat et.',	'2018-04-14 04:41:26',	NULL),
(74,	47,	'Et atque blanditiis eum.',	6000000,	7000000,	5,	0,	'Assumenda aliquid ducimus est minus. Ratione ratione veniam ducimus dolores qui iusto. Blanditiis ratione sit ut velit. Officia non omnis nihil.',	'2018-04-14 04:41:26',	NULL),
(75,	6,	'Officiis neque.',	6000000,	7000000,	6,	1,	'Harum nihil blanditiis nam et ad perspiciatis. Accusamus harum tenetur neque sunt. Et aut vero aut et exercitationem architecto.',	'2018-04-14 04:41:26',	NULL),
(76,	42,	'Qui rerum provident.',	6000000,	8000000,	7,	0,	'Reprehenderit voluptatem quod iste accusamus distinctio. Tempora impedit vitae quidem. Qui assumenda ipsa labore. Laborum et iure in. Sunt et maiores dolores sed ducimus error optio.',	'2018-04-14 04:41:26',	NULL),
(77,	16,	'Omnis magnam unde.',	6000000,	7000000,	5,	0,	'Quam autem est adipisci omnis. Vel voluptatem inventore sint et. Recusandae praesentium nihil eos doloremque consequuntur incidunt.',	'2018-04-14 04:41:26',	NULL),
(78,	21,	'Aperiam consequatur sint.',	6000000,	8000000,	6,	1,	'Aliquam ea officiis voluptatum ea et praesentium. Sequi similique ipsam ut dolores sunt voluptas. Non possimus optio dolorem sit. Necessitatibus rerum repellendus possimus ea. Quas facilis autem ipsum rerum asperiores omnis. Aliquid quia ipsa qui veritatis.',	'2018-04-14 04:41:26',	NULL),
(79,	4,	'Nulla ea mollitia.',	6000000,	9000000,	6,	0,	'Voluptatum molestias est distinctio et labore aut et. Ea sunt cum distinctio quos sit illo dolores vitae. Id ut vel aspernatur quibusdam voluptatem. Sint natus ut ipsam quam deleniti alias quia.',	'2018-04-14 04:41:26',	NULL),
(80,	17,	'Delectus aliquid hic dolores.',	6000000,	8000000,	6,	0,	'Enim quam quod earum rerum ut nemo tenetur. Quia consectetur sit nemo dolore quia eveniet voluptas. Ratione delectus aut adipisci enim doloremque. Dolorum voluptatum at sed laudantium. Doloribus voluptatem dicta dolorem.',	'2018-04-14 04:41:26',	NULL),
(81,	43,	'Assumenda voluptatem voluptatem.',	6000000,	8000000,	5,	1,	'Nam rerum exercitationem nihil non id voluptatem sapiente. Praesentium nostrum dolorem repudiandae recusandae veniam rerum. Aut eveniet repellendus omnis accusamus quod et repudiandae. Repudiandae labore velit enim voluptatem hic est consectetur nulla. Voluptas corporis numquam est rerum qui.',	'2018-04-14 04:41:26',	NULL),
(82,	5,	'Enim aut qui.',	6000000,	9000000,	4,	1,	'Omnis nam assumenda in quam. Esse nam nihil ratione eaque a. Architecto aliquam amet doloremque laboriosam molestias et suscipit. Dolorem labore possimus ex qui. Quam ullam qui maiores.',	'2018-04-14 04:41:26',	NULL),
(83,	4,	'Sit sed nihil reiciendis eius.',	6000000,	8000000,	6,	1,	'Ad dolores voluptatibus est est ut et autem. Eligendi ab rerum eius omnis sed temporibus et velit. Neque quo sit adipisci est corrupti. In quia non cupiditate quasi dicta architecto.',	'2018-04-14 04:41:26',	NULL),
(84,	26,	'Aut pariatur temporibus.',	6000000,	7000000,	5,	1,	'Libero dolor esse non qui vel accusantium consequatur. Minus adipisci omnis et fugiat sint voluptatum quisquam et. Explicabo et quis ipsa odit sit. Delectus quod sint corporis labore cumque iusto quia. Laboriosam a aspernatur ratione perspiciatis dolores autem iure.',	'2018-04-14 04:41:26',	NULL),
(85,	3,	'Sit id occaecati asperiores illo.',	6000000,	7000000,	3,	0,	'Voluptatem assumenda fugiat ad. Id cum magni repellendus nihil. Vel nihil tempora qui tempora qui. Odit hic harum excepturi. Earum nulla deserunt illo.',	'2018-04-14 04:41:26',	NULL),
(86,	35,	'Veritatis eligendi beatae.',	6000000,	8000000,	4,	0,	'Perferendis commodi illo et repellendus illo. Rem excepturi ab temporibus aperiam. Nobis corrupti at reprehenderit molestias enim. Quia expedita repellat qui dolorum. Culpa ratione excepturi exercitationem quas.',	'2018-04-14 04:41:26',	NULL),
(87,	16,	'Accusamus harum qui molestiae.',	6000000,	9000000,	6,	0,	'Harum ea vel beatae. Consequatur et fugiat sit quod. Aut ea beatae numquam quo. Impedit at voluptatem consequuntur quis inventore perspiciatis voluptates occaecati.',	'2018-04-14 04:41:26',	NULL),
(88,	6,	'Beatae aspernatur doloribus asperiores perferendis.',	6000000,	9000000,	7,	1,	'Nesciunt nemo eligendi sed quia maxime quia. Ut recusandae aut animi quia et. Delectus ut molestiae harum. Ex est maxime non facere enim distinctio deleniti.',	'2018-04-14 04:41:26',	NULL),
(89,	47,	'Possimus dolor.',	6000000,	7000000,	5,	0,	'Id aperiam amet dolorum sunt. Qui eos consequatur provident suscipit omnis distinctio autem. Mollitia velit quae quia praesentium nostrum. Sit minima qui sit porro cupiditate est.',	'2018-04-14 04:41:26',	NULL),
(90,	26,	'Repudiandae quisquam dolorem natus.',	6000000,	8000000,	4,	0,	'Inventore minus totam quo autem. Enim harum non ut et non. Necessitatibus distinctio consequuntur asperiores quia similique.',	'2018-04-14 04:41:26',	NULL),
(91,	46,	'Porro libero eos sit.',	6000000,	9000000,	5,	0,	'Quia exercitationem natus odio quia minus minus. Sed est nihil iure sed ad. Non deleniti temporibus cumque nemo aspernatur beatae voluptas. Illo aut labore qui rerum saepe numquam repellendus. A atque nobis quo et sit architecto nostrum.',	'2018-04-14 04:41:26',	NULL),
(92,	2,	'Odit perspiciatis assumenda.',	6000000,	8000000,	3,	0,	'Dolores a qui eaque cum repellendus est consequatur maiores. Tenetur iste expedita libero voluptatem sunt id velit id. Ut molestiae harum et cum qui officiis rerum. Non error aut doloribus id tempore beatae.',	'2018-04-14 04:41:26',	NULL),
(93,	30,	'Minima consequatur pariatur.',	6000000,	9000000,	3,	0,	'Pariatur porro eos magnam enim velit cum consectetur. Repudiandae voluptatem error sapiente veritatis rerum ipsam aut. Sint eligendi cupiditate voluptatem ipsa repudiandae sit aut quisquam.',	'2018-04-14 04:41:26',	NULL),
(94,	25,	'Suscipit saepe temporibus exercitationem.',	6000000,	9000000,	3,	0,	'Et ipsam occaecati tempore illo odit. Ullam aut nostrum ea id a. Et ullam enim quod voluptatibus animi. Est nulla est dignissimos. Est eius nostrum hic ex ea. Enim dolorem ex rem.',	'2018-04-14 04:41:26',	NULL),
(95,	43,	'Sit aliquam exercitationem vitae.',	6000000,	8000000,	6,	1,	'Animi exercitationem repellat natus ut est possimus et. Illo dolorem inventore praesentium. Rerum saepe expedita quo. Sunt aspernatur enim velit ducimus.',	'2018-04-14 04:41:26',	NULL),
(96,	25,	'Aliquam vero aut.',	6000000,	9000000,	4,	1,	'Quam at magnam sint sunt possimus officiis. Optio ut sed error qui. Impedit nesciunt consectetur adipisci eligendi.',	'2018-04-14 04:41:26',	NULL),
(97,	26,	'Beatae perferendis autem.',	6000000,	8000000,	4,	1,	'Hic ullam accusantium et dicta quas. Harum voluptas ut et incidunt quasi omnis. Eos quo dolorem sequi non repellendus dignissimos consequatur.',	'2018-04-14 04:41:26',	NULL),
(98,	42,	'Deserunt magni aspernatur consequatur.',	6000000,	9000000,	6,	0,	'Debitis laudantium et dolor voluptas eos quia id. Veniam facere nesciunt possimus pariatur rem. Illo amet qui voluptates non earum sit ipsum. Totam officiis omnis ducimus repudiandae. Reiciendis odio deleniti excepturi sit.',	'2018-04-14 04:41:26',	NULL),
(99,	5,	'Quibusdam odit fugit iste.',	6000000,	7000000,	5,	0,	'Quos doloribus natus eum quo enim omnis cum. Non et beatae nulla possimus similique modi. Dolore repellendus corrupti voluptatum impedit voluptatem consequatur officia. Iusto voluptatem qui deserunt. Est quas odio sit quia ab ipsam. Molestiae voluptatum nam sed.',	'2018-04-14 04:41:26',	NULL),
(100,	43,	'Illum nemo omnis est.',	6000000,	9000000,	5,	0,	'Aut earum veritatis alias fugit doloribus qui quia. Voluptas ipsum harum nostrum et voluptatem est voluptates dignissimos. Blanditiis occaecati modi maiores quam. Similique recusandae accusamus dolorum fuga placeat.',	'2018-04-14 04:41:26',	NULL);

DROP TABLE IF EXISTS `users`;
CREATE TABLE `users` (
  `id` int(11) NOT NULL AUTO_INCREMENT,
  `nama` varchar(256) NOT NULL,
  `email` varchar(256) NOT NULL,
  `role` varchar(256) NOT NULL,
  `univ` varchar(256) DEFAULT NULL,
  `created_at` timestamp NOT NULL DEFAULT CURRENT_TIMESTAMP ON UPDATE CURRENT_TIMESTAMP,
  `updated_at` timestamp NULL DEFAULT NULL,
  PRIMARY KEY (`id`)
) ENGINE=InnoDB DEFAULT CHARSET=latin1;

INSERT INTO `users` (`id`, `nama`, `email`, `role`, `univ`, `created_at`, `updated_at`) VALUES
(1,	'Kyla Baumbach',	'kyla.baumbach@google.com',	'Project Owner',	'',	'2018-04-14 04:23:20',	NULL),
(2,	'Rodolfo Kreiger',	'rodolfo.kreiger@google.com',	'Project Owner',	'',	'2018-04-14 04:23:20',	NULL),
(3,	'Hassie Schuppe',	'hassie.schuppe@google.com',	'Project Owner',	'',	'2018-04-14 04:23:20',	NULL),
(4,	'Johnson Purdy',	'johnson.purdy@google.com',	'Project Owner',	'',	'2018-04-14 04:23:20',	NULL),
(5,	'Cary Hills',	'cary.hills@google.com',	'Project Owner',	'',	'2018-04-14 04:23:20',	NULL),
(6,	'Lewis Rath',	'lewis.rath@google.com',	'Project Owner',	'',	'2018-04-14 04:23:20',	NULL),
(7,	'Vaughn Reilly',	'vaughn.reilly@google.com',	'Mahasiswa',	'Institut Teknologi Bandung',	'2018-04-14 04:23:20',	NULL),
(8,	'Janet Konopelski',	'janet.konopelski@google.com',	'Project Owner',	'',	'2018-04-14 04:23:20',	NULL),
(9,	'Marjolaine Block',	'marjolaine.block@google.com',	'Project Owner',	'',	'2018-04-14 04:23:20',	NULL),
(10,	'Wellington Effertz',	'wellington.effertz@google.com',	'Mahasiswa',	'Universitas Indonesia',	'2018-04-14 04:23:20',	NULL),
(11,	'Keanu Haley',	'keanu.haley@google.com',	'Mahasiswa',	'Universitas Gajah Mada',	'2018-04-14 04:23:20',	NULL),
(12,	'Isaiah Kulas',	'isaiah.kulas@google.com',	'Mahasiswa',	'Universitas Gajah Mada',	'2018-04-14 04:23:20',	NULL),
(13,	'Lindsay Ortiz',	'lindsay.ortiz@google.com',	'Mahasiswa',	'Universitas Gajah Mada',	'2018-04-14 04:23:20',	NULL),
(14,	'Kendra Ledner',	'kendra.ledner@google.com',	'Project Owner',	'',	'2018-04-14 04:23:20',	NULL),
(15,	'Aidan Hermann',	'aidan.hermann@google.com',	'Mahasiswa',	'Universitas Gajah Mada',	'2018-04-14 04:23:20',	NULL),
(16,	'Stacey Kshlerin',	'stacey.kshlerin@google.com',	'Project Owner',	'',	'2018-04-14 04:23:20',	NULL),
(17,	'Jeanette O\'Connell',	'jeanette.o\'connell@google.com',	'Project Owner',	'',	'2018-04-14 04:23:20',	NULL),
(18,	'Flavio Stokes',	'flavio.stokes@google.com',	'Mahasiswa',	'Universitas Gajah Mada',	'2018-04-14 04:23:20',	NULL),
(19,	'Domenico Nikolaus',	'domenico.nikolaus@google.com',	'Mahasiswa',	'Universitas Indonesia',	'2018-04-14 04:23:20',	NULL),
(20,	'Burley Renner',	'burley.renner@google.com',	'Mahasiswa',	'Universitas Gajah Mada',	'2018-04-14 04:23:20',	NULL),
(21,	'Elza O\'Reilly',	'elza.o\'reilly@google.com',	'Project Owner',	'',	'2018-04-14 04:23:20',	NULL),
(22,	'Deon Roberts',	'deon.roberts@google.com',	'Mahasiswa',	'Institut Teknologi Bandung',	'2018-04-14 04:23:20',	NULL),
(23,	'Kameron Pacocha',	'kameron.pacocha@google.com',	'Mahasiswa',	'Universitas Gajah Mada',	'2018-04-14 04:23:20',	NULL),
(24,	'Dangelo Little',	'dangelo.little@google.com',	'Mahasiswa',	'Universitas Gajah Mada',	'2018-04-14 04:23:20',	NULL),
(25,	'Maximillia Hand',	'maximillia.hand@google.com',	'Project Owner',	'',	'2018-04-14 04:23:20',	NULL),
(26,	'Nelda Dickinson',	'nelda.dickinson@google.com',	'Project Owner',	'',	'2018-04-14 04:23:20',	NULL),
(27,	'Alexie Bartell',	'alexie.bartell@google.com',	'Mahasiswa',	'Institut Teknologi Bandung',	'2018-04-14 04:23:20',	NULL),
(28,	'Lee Harris',	'lee.harris@google.com',	'Mahasiswa',	'Universitas Gajah Mada',	'2018-04-14 04:23:20',	NULL),
(29,	'Kailyn Gerhold',	'kailyn.gerhold@google.com',	'Project Owner',	'',	'2018-04-14 04:23:20',	NULL),
(30,	'Trey Dibbert',	'trey.dibbert@google.com',	'Project Owner',	'',	'2018-04-14 04:23:20',	NULL),
(31,	'Stefan Nader',	'stefan.nader@google.com',	'Project Owner',	'',	'2018-04-14 04:23:20',	NULL),
(32,	'Raphael Krajcik',	'raphael.krajcik@google.com',	'Project Owner',	'',	'2018-04-14 04:23:20',	NULL),
(33,	'Shayna Durgan',	'shayna.durgan@google.com',	'Mahasiswa',	'Universitas Indonesia',	'2018-04-14 04:23:20',	NULL),
(34,	'Delphia Kuhic',	'delphia.kuhic@google.com',	'Mahasiswa',	'Institut Teknologi Bandung',	'2018-04-14 04:23:20',	NULL),
(35,	'Alysa Satterfield',	'alysa.satterfield@google.com',	'Project Owner',	'',	'2018-04-14 04:23:20',	NULL),
(36,	'Neva Hagenes',	'neva.hagenes@google.com',	'Mahasiswa',	'Universitas Indonesia',	'2018-04-14 04:23:20',	NULL),
(37,	'Nella Trantow',	'nella.trantow@google.com',	'Mahasiswa',	'Universitas Gajah Mada',	'2018-04-14 04:23:20',	NULL),
(38,	'Colton Bayer',	'colton.bayer@google.com',	'Project Owner',	'',	'2018-04-14 04:23:20',	NULL),
(39,	'Zena Feeney',	'zena.feeney@google.com',	'Project Owner',	'',	'2018-04-14 04:23:20',	NULL),
(40,	'Kasandra Dicki',	'kasandra.dicki@google.com',	'Mahasiswa',	'Institut Teknologi Bandung',	'2018-04-14 04:23:20',	NULL),
(41,	'Rosina Nolan',	'rosina.nolan@google.com',	'Mahasiswa',	'Universitas Indonesia',	'2018-04-14 04:23:20',	NULL),
(42,	'Clotilde VonRueden',	'clotilde.vonrueden@google.com',	'Project Owner',	'',	'2018-04-14 04:23:20',	NULL),
(43,	'Kaylin Bergnaum',	'kaylin.bergnaum@google.com',	'Project Owner',	'',	'2018-04-14 04:23:20',	NULL),
(44,	'Lane Weimann',	'lane.weimann@google.com',	'Mahasiswa',	'Universitas Gajah Mada',	'2018-04-14 04:23:20',	NULL),
(45,	'Elvera Waelchi',	'elvera.waelchi@google.com',	'Mahasiswa',	'Universitas Indonesia',	'2018-04-14 04:23:20',	NULL),
(46,	'Jarod Schoen',	'jarod.schoen@google.com',	'Project Owner',	'',	'2018-04-14 04:23:20',	NULL),
(47,	'Koby Simonis',	'koby.simonis@google.com',	'Project Owner',	'',	'2018-04-14 04:23:20',	NULL),
(48,	'Petra Feest',	'petra.feest@google.com',	'Project Owner',	'',	'2018-04-14 04:23:20',	NULL),
(49,	'Doug Bruen',	'doug.bruen@google.com',	'Mahasiswa',	'Universitas Indonesia',	'2018-04-14 04:23:20',	NULL),
(50,	'Aubree Cole',	'aubree.cole@google.com',	'Mahasiswa',	'Universitas Gajah Mada',	'2018-04-14 04:23:20',	NULL);

-- 2018-04-14 05:10:31
